nt_mutations	aa_mutations	cluster_depth	total_depth	frequency	coverage_start	coverage_end
G28881A G28882A G28883C	N:R203K N:R203K N:G204R	15744	17318	0.909112	28850	28891
C25416T	ORF3a:F8F	11275	12098	0.931972	25387	25416
A18163G	Unknown	2472	2919	0.846865	18162	18163
G28881A G28883C	N:R203K N:G204R	439	17318	0.025349	28810	28891
G23948T	S:D796Y	277	292	0.94863	23946	23967
G28882A G28883C	N:R203R N:G204R	206	17318	0.011895	28834	28887
C10198T	ORF1a:D3311D	142	233	0.609442	10194	10201
G28881A	Unknown	132	26213	0.005036	28817	28881
G28719A	N:R149H	103	95844	0.001075	28716	28720
G28881A G28882A	N:R203K N:R203K	91	17441	0.005218	28797	28891
G28809A	N:G179D	73	62460	0.001169	28778	28817
T670G	ORF1a:S135R	69	87	0.793103	625	670
T25319G	S:C1253G	50	28820	0.001735	25299	25342
C10369T C10376T	ORF1a:R3368R Unknown	50	193	0.259067	10323	10377
G25352-T C25416T	NA ORF3a:F8F	48	11868	0.004044	25349	25452
G28881A G28882A G28883C A28898C	N:R203K N:R203K N:G204R Unknown	46	9685	0.00475	28797	28898
C25324A	S:C1254*	41	27806	0.001475	25296	25350
C25339+A C25416T	NA ORF3a:F8L	40	11127	0.003595	25336	25435
T25258A A25259T	S:I1232I S:M1233L	37	36354	0.001018	25253	25317
A25341G C25416T A25442C	Unknown ORF3a:F8F Unknown	37	7119	0.005197	25340	25442
C25416T A25453C	ORF3a:F8F Unknown	35	3506	0.009983	25366	25453
C10198T C10369T C10376T	ORF1a:D3311D ORF1a:R3368R ORF1a:P3371S	32	81	0.395062	10191	10392
T25258A A25259T C25416T	S:I1232I S:M1233L ORF3a:F8F	28	7770	0.003604	25253	25427
C15714T	ORF1b:L749L	28	50	0.56	15693	15732
G28883C	N:G204R	27	17318	0.001559	28797	28892
C10369T C10376T G10447A C10449A	ORF1a:R3368R ORF1a:P3371S ORF1a:R3394R ORF1a:P3395H	24	56	0.428571	10354	10458
G28809A G28881A G28882A G28883C	N:G179D N:R203K N:R203K N:G204R	23	17199	0.001337	28796	28892
A25341G C25416T	Unknown ORF3a:F8F	23	11423	0.002013	25340	25441
T514-GTTATG	ORF1a:DEL84/85	21	181	0.116022	494	546
T25353G C25416T A25454C	Unknown ORF3a:F8F Unknown	21	1032	0.020349	25352	25454
C28810T G28881A G28882A G28883C	N:G179G N:R203K N:R203K N:G204R	21	17199	0.001221	28756	28893
G354C	ORF1a:G30A	19	54	0.351852	353	471
C25416T A25454C	ORF3a:F8F Unknown	19	1074	0.017691	25353	25454
T25059G	Unknown	18	38	0.473684	25058	25145
T25353G C25416T	Unknown ORF3a:F8F	17	11915	0.001427	25352	25452
G28881A G28882A G28883C A28898G	N:R203K N:R203K N:G204R Unknown	17	9685	0.001755	28797	28898
A25060G	Unknown	17	326	0.052147	25059	25160
A25060G T25161C	Unknown Unknown	12	319	0.037618	25059	25161
G28719A G28881A G28882A G28883C	N:R149H N:R203K N:R203K N:G204R	11	10967	0.001003	28716	28893
G10447A C10449A	ORF1a:R3394R ORF1a:P3395H	11	58	0.189655	10378	10454
G3731A	ORF1a:A1156T	9	5827	0.001545	3730	3777
G25064-A	NA	9	2579	0.00349	25061	25194
A3398+G	NA	9	76	0.118421	3395	3493
A21764-TACATG	S:DEL69/70	9	15	0.6	21748	21795
G354C T514-GTTATG	ORF1a:G30A ORF1a:DEL84/85	8	40	0.2	353	563
G16935A	ORF1b:M1156I	8	21	0.380952	16888	16936
C25416T T25446-G	ORF3a:F8F NA	8	4912	0.001629	25296	25451
T514-GTTATG T670G	ORF1a:DEL84/85 ORF1a:S135R	7	53	0.132075	502	670
G3474T	ORF1a:G1070V	7	3365	0.00208	3463	3573
C10198T G10447A C10449A	ORF1a:D3311D ORF1a:R3394R ORF1a:P3395H	7	20	0.35	10187	10458
A3722-T	NA	7	5629	0.001244	3691	3747
G28659A G28881A G28882A G28883C	N:G129D N:R203K N:R203K N:G204R	6	4879	0.00123	28643	28893
G28361-GAGAACGCA	N:DEL31/33	6	17	0.352941	28346	28419
G16935A A17039G	ORF1b:M1156I ORF1b:N1191S	6	12	0.5	16928	17056
C25416T A25453T	ORF3a:F8F Unknown	6	3506	0.001711	25353	25453
C10198T C10369T C10376T G10447A C10449A	ORF1a:D3311D ORF1a:R3368R ORF1a:P3371S ORF1a:R3394R ORF1a:P3395H	6	20	0.3	10192	10458
A17039G	ORF1b:N1191S	6	17	0.352941	16999	17083
A4079-G	NA	5	929	0.005382	3980	4084
A23403G	S:D614G	5	17	0.294118	23328	23420
T8200C	ORF1a:D2645D	4	8	0.5	8149	8288
T4078-A	NA	4	943	0.004242	3883	4084
T29173C	N:H300H	4	14	0.285714	29145	29175
T25063-G	NA	4	2504	0.001597	25060	25184
G25062-T	NA	4	2409	0.00166	25059	25175
G18028A A18163G	ORF1b:A1521T ORF1b:I1566V	4	1159	0.003451	18019	18199
G12160A	ORF1a:E3965E	4	6	0.666667	12156	12275
C28311T C28312T G28361-GAGAACGCA	N:P13L N:P13L N:DEL31/33	4	15	0.266667	28304	28388
A3928G T4029C	Unknown Unknown	4	3883	0.00103	3927	4029
A25065-C	NA	4	2604	0.001536	25061	25262
A18163G T18249C	ORF1b:I1566V ORF1b:P1594P	4	1623	0.002465	18148	18249
A17929-T	NA	4	631	0.006339	17925	18118
T4074C	Unknown	3	1567	0.001914	3978	4074
T3455C	ORF1a:Y1064H	3	2506	0.001197	3417	3599
T28525G	Unknown	3	1936	0.00155	28524	28647
C4068T	ORF1a:A1268V	3	1927	0.001557	3968	4069
C17410T	ORF1b:R1315C	3	5	0.6	17405	17518
A18163G G18169T	ORF1b:I1566V ORF1b:G1568C	3	2863	0.001048	18070	18189
A17986G A18163G	ORF1b:K1507E ORF1b:I1566V	3	889	0.003375	17963	18199
T18319G	Unknown	2	330	0.006061	18179	18319
T18185G A18284C	ORF1b:M1573R ORF1b:H1606P	2	1136	0.001761	18182	18286
T18111G A18163G T18212C	Unknown ORF1b:I1566V Unknown	2	1570	0.001274	18110	18212
T17925G T18026C	Unknown Unknown	2	71	0.028169	17924	18026
T17925G A18163G	Unknown Unknown	2	18	0.111111	17924	18163
G354C A518G	ORF1a:G30A Unknown	2	40	0.05	346	518
G3419C	ORF1a:V1052L	2	1015	0.00197	3417	3782
G23948T C24176-AAT	S:D796Y S:DEL873	2	87	0.022989	23873	24201
G17948A	ORF1b:G1494D	2	1398	0.001431	17943	18113
G11287-TCTGGTTTT	ORF1a:DEL3675/3677	2	3	0.666667	11114	11308
C28311T C28312T	N:P13L N:P13L	2	16	0.125	28220	28317
C25156T C25416T	S:I1198I ORF3a:F8F	2	1117	0.001791	25105	25437
C23525T T23599G C23604A	S:H655Y S:N679K S:P681H	2	6	0.333333	23497	23618
C23525T	S:H655Y	2	12	0.166667	23421	23562
C21618T C21622G T21632-TACCCCCTG	S:T19I S:T20T S:DEL25/27	2	5	0.4	21591	21678
C10369T C10376T G10447A	ORF1a:R3368R ORF1a:P3371S ORF1a:R3394R	2	59	0.033898	10221	10448
C10369T	ORF1a:R3368R	2	195	0.010256	10323	10408
A405G	ORF1a:K47R	2	129	0.015504	365	470
A3978G A4079C	Unknown Unknown	2	877	0.002281	3977	4079
A28521C	Unknown	2	1196	0.001672	28520	28693
A25133G C25416T	S:K1191E ORF3a:F8F	2	951	0.002103	25116	25420
A23884G G23948T	S:Q774Q S:D796Y	2	139	0.014388	23881	23982
A23403G T23434G C23525T	S:D614G S:I624M Unknown	2	8	0.25	23382	23525
A23403G C23525T T23599G C23604A	Unknown S:H655Y S:N679K S:P681H	2	3	0.666667	23402	23619
A23403G C23525T	S:D614G S:H655Y	2	8	0.25	23373	23530
A18038G A18163G	ORF1b:Q1524R ORF1b:I1566V	2	1186	0.001686	18024	18242
T670G A685-AAGTCATTT	ORF1a:S135R ORF1a:DEL141/143	1	61	0.016393	420	717
T670A	ORF1a:S135R	1	87	0.011494	375	670
T612C	ORF1a:V116A	1	132	0.007576	391	653
T5507C	ORF1a:L1748L	1	125	0.008	5426	5564
T5492C	ORF1a:S1743P	1	121	0.008264	5367	5536
T467A	ORF1a:Y68N	1	186	0.005376	405	566
T4086C	Unknown	1	33	0.030303	3928	4086
T4078A	ORF1a:V1271V	1	943	0.00106	3921	4078
T3399C	Unknown	1	233	0.004292	3398	3464
T25111C T25128C C25416T	S:I1183I S:V1189A ORF3a:F8F	1	607	0.001647	25101	25427
T23979C	S:L806S	1	355	0.002817	23973	24140
T23599G C23604A	S:N679K S:P681H	1	6	0.166667	23507	23608
T23395C A23403G	S:L611L S:D614G	1	16	0.0625	23295	23433
T2222C	Unknown	1	1	1.0	2075	2223
T21318G	ORF1b:D2617E	1	119	0.008403	21203	21374
T21314G	ORF1b:I2616R	1	122	0.008197	21021	21364
T21223C	ORF1b:W2586R	1	174	0.005747	21136	21328
T21164C	ORF1b:I2566T	1	206	0.004854	21056	21240
T18291C	ORF1b:R1608R	1	900	0.001111	18190	18291
T18287G	ORF1b:V1607G	1	986	0.001014	17968	18289
T18190G T18291C	ORF1b:Y1575D ORF1b:R1608R	1	835	0.001198	18189	18291
T18012-C A18163G	NA ORF1b:I1566V	1	995	0.001005	17943	18182
T18006C A18163G	ORF1b:L1513L ORF1b:I1566V	1	995	0.001005	17963	18189
T17980C A18163G	ORF1b:Y1505H ORF1b:I1566V	1	884	0.001131	17963	18188
T17928G	Unknown	1	625	0.0016	17927	18028
T17925G	Unknown	1	71	0.014085	17924	18125
T16150C	ORF1b:S895P	1	5	0.2	15998	16228
T16119C	ORF1b:D884D	1	8	0.125	16019	16119
T15927A	ORF1b:L820L	1	21	0.047619	15787	15928
T15704G	Unknown	1	52	0.019231	15549	15704
T15584C C15714T A15740G	ORF1b:I706T ORF1b:L749L ORF1b:N758S	1	15	0.066667	15574	15762
T13447-GA G13448T	NA ORF1a:D4395Y	1	4	0.25	13347	13455
T10402A G10447A C10449A	ORF1a:A3379A ORF1a:R3394R ORF1a:P3395H	1	58	0.017241	10297	10475
T10184C C10198T	ORF1a:C3307R ORF1a:D3311D	1	210	0.004762	10100	10306
G553C T670G	ORF1a:Q96H ORF1a:S135R	1	72	0.013889	457	697
G546A	ORF1a:G94D	1	189	0.005291	339	596
G5453T	ORF1a:E1730*	1	123	0.00813	5356	5537
G520T T670G	Unknown ORF1a:S135R	1	55	0.018182	519	717
G434-A	NA	1	149	0.006711	366	596
G434+A T514-GTTATG	NA ORF1a:DEL84/85	1	120	0.008333	399	554
G4080T	ORF1a:S1272I	1	723	0.001383	3843	4082
G4080C	ORF1a:S1272T	1	723	0.001383	3981	4082
G3774A C4058T	ORF1a:R1170H ORF1a:P1265S	1	555	0.001802	3691	4073
G354C T670G	ORF1a:G30A ORF1a:S135R	1	3	0.333333	350	672
G354C G411A	ORF1a:G30A ORF1a:G49D	1	53	0.018868	346	575
G354C G359A	ORF1a:G30A ORF1a:G32R	1	54	0.018519	342	649
G354C C590T T670G	ORF1a:G30A ORF1a:P109S ORF1a:S135R	1	3	0.333333	347	683
G354C C355A	ORF1a:G30A ORF1a:G30A	1	54	0.018519	336	556
G3407T	ORF1a:E1048*	1	428	0.002336	3399	3591
G3395-A	NA	1	9	0.111111	3392	3494
G28881A G28882A G28883C T29173C	N:R203K N:R203K N:G204R N:H300H	1	8	0.125	28850	29197
G28881A G28882A G28883C T29008C	N:R203K N:R203K N:G204R N:T245T	1	12	0.083333	28867	29008
G28881A G28882A G28883C G29017T	N:R203K N:R203K N:G204R N:K248N	1	11	0.090909	28859	29076
G28881A G28882A G28883C G28908T	N:R203K N:R203K N:G204R Unknown	1	725	0.001379	28807	28908
G28557T G28881A G28882A G28883C	N:R95L N:R203K N:R203K N:G204R	1	597	0.001675	28525	28903
G25130A C25416T	S:A1190T ORF3a:F8F	1	950	0.001053	25067	25440
G25116A C25416T	Unknown ORF3a:F8F	1	686	0.001458	25115	25433
G24230C	Unknown	1	69	0.014493	23956	24231
G24116T	S:A852S	1	345	0.002899	23988	24191
G24116A	S:A852T	1	345	0.002899	24074	24199
G24053A	S:A831T	1	420	0.002381	24044	24237
G23948T T24073G	S:D796Y S:Y837*	1	220	0.004545	23941	24162
G23948T T23978C	S:D796Y Unknown	1	289	0.00346	23878	23979
G23948T T23966C	S:D796Y Unknown	1	292	0.003425	23866	23967
G23948T G24053A	S:D796Y S:A831T	1	238	0.004202	23894	24083
G23948T A24069G	S:D796Y S:Q836R	1	225	0.004444	23894	24124
G21224A	ORF1b:W2586*	1	175	0.005714	21179	21351
G21193T	ORF1b:D2576Y	1	193	0.005181	21009	21238
G21159T	ORF1b:V2564V	1	200	0.005	21056	21180
G18302A	ORF1b:G1612D	1	656	0.001524	18015	18318
G17991A A18163G	ORF1b:L1508L ORF1b:I1566V	1	899	0.001112	17963	18248
G17948A A18163G	ORF1b:G1494D ORF1b:I1566V	1	392	0.002551	17935	18199
G16935A A17039G G17064A	ORF1b:M1156I ORF1b:N1191S ORF1b:K1199K	1	10	0.1	16899	17093
G15962A	ORF1b:G832D	1	12	0.083333	15886	16137
G10447A	ORF1a:R3394R	1	61	0.016393	10096	10481
C8605T	ORF1a:F2780F	1	21	0.047619	8317	8637
C8354A	ORF1a:R2697S	1	23	0.043478	8340	8660
C3732T T3973C	ORF1a:A1156V ORF1a:V1236V	1	673	0.001486	3719	3977
C366T	Unknown	1	73	0.013699	365	511
C28520A	N:Q83K	1	144	0.006944	28518	28706
C27807T	ORF7b:L18L	1	7	0.142857	27718	28083
C25584T	ORF3a:T64T	1	8	0.125	25507	25826
C25416T T25464C	ORF3a:F8F ORF3a:T24T	1	7	0.142857	25187	25464
C25118A C25416T	S:L1186I ORF3a:F8F	1	793	0.001261	25087	25421
C25114T C25416T	S:D1184D ORF3a:F8F	1	611	0.001637	25087	25432
C24146T	S:P862S	1	309	0.003236	23987	24208
C23939A G24114T	S:P793T S:C851F	1	134	0.007463	23885	24183
C23854A	S:N764K	1	2	0.5	23711	23903
C21618T C21622G T21632-TACCCCCTG A21764-TACATG	S:T19I S:T20T S:DEL25/27 S:DEL69/70	1	3	0.333333	21598	21794
C21618T C21622G	S:T19I S:T20T	1	5	0.2	21595	21895
C21297T	ORF1b:G2610G	1	125	0.008	21206	21375
C21254G A21355C	Unknown Unknown	1	61	0.016393	21253	21355
C21092T	ORF1b:S2542F	1	159	0.006289	21006	21212
C1931A G2167T	ORF1a:Q556K ORF1a:K634N	1	1	1.0	1918	2205
C1931A	ORF1a:Q556K	1	2	0.5	1861	2073
C18312T	ORF1b:V1615V	1	450	0.002222	18186	18318
C18004A A18163G	ORF1b:L1513I ORF1b:I1566V	1	990	0.00101	17977	18188
C17992T A18163G	ORF1b:Q1509* ORF1b:I1566V	1	899	0.001112	17963	18189
C17976T A18163G	Unknown ORF1b:I1566V	1	851	0.001175	17975	18195
C17927-T	NA	1	609	0.001642	17924	18106
C17597T	ORF1b:A1377V	1	16	0.0625	17493	17675
C17410T T17582A	ORF1b:R1315C ORF1b:V1372D	1	3	0.333333	17341	17624
C16042T	Unknown	1	13	0.076923	15926	16043
C15714T T16008C	ORF1b:L749L ORF1b:I847I	1	2	0.5	15620	16043
C15714T C15738T	ORF1b:L749L ORF1b:F757F	1	47	0.021277	15543	15776
C15587T C15714T	ORF1b:A707V ORF1b:L749L	1	18	0.055556	15558	15746
C15559T C15714T	ORF1b:L698F ORF1b:L749L	1	10	0.1	15547	15728
C14408T	ORF1b:P314L	1	2	0.5	14382	14488
C12085A	ORF1a:T3940T	1	4	0.25	11965	12161
C10369T C10376T T10388C	ORF1a:R3368R ORF1a:P3371S Unknown	1	190	0.005263	10288	10389
C10369T C10376T C10449A	ORF1a:R3368R ORF1a:P3371S ORF1a:P3395H	1	56	0.017857	10353	10482
C10369T C10376T A10399T G10447A C10449A	ORF1a:R3368R ORF1a:P3371S ORF1a:L3378F ORF1a:R3394R ORF1a:P3395H	1	56	0.017857	10353	10482
C10369T C10376T A10383C G10447A C10449A	ORF1a:R3368R ORF1a:P3371S ORF1a:Q3373P ORF1a:R3394R ORF1a:P3395H	1	56	0.017857	10337	10482
C10335A A10338G C10369T C10376T	ORF1a:A3357D ORF1a:N3358S ORF1a:R3368R ORF1a:P3371S	1	175	0.005714	10332	10433
C10335A A10338G	ORF1a:A3357D ORF1a:N3358S	1	211	0.004739	10332	10433
C10198T C10440T G10447A C10449A	ORF1a:D3311D ORF1a:A3392V ORF1a:R3394R ORF1a:P3395H	1	20	0.05	10145	10482
C10198T C10369T C10376T C10449A	ORF1a:D3311D ORF1a:R3368R ORF1a:P3371S ORF1a:P3395H	1	20	0.05	10179	10468
C10198T A10219G C10369T C10376T	ORF1a:D3311D ORF1a:E3318E ORF1a:R3368R ORF1a:P3371S	1	81	0.012346	10187	10392
C10198T A10218T	ORF1a:D3311D ORF1a:E3318V	1	229	0.004367	10124	10308
C10138T C10198T	ORF1a:N3291N ORF1a:D3311D	1	144	0.006944	10124	10263
A8088T	ORF1a:K2608I	1	5	0.2	8046	8185
A652C T670G	ORF1a:K129N ORF1a:S135R	1	87	0.011494	463	717
A555C T670G	ORF1a:Y97S ORF1a:S135R	1	72	0.013889	552	717
A5543C T5551C	ORF1a:T1760P ORF1a:L1762L	1	99	0.010101	5356	5575
A5431G	ORF1a:V1722V	1	120	0.008333	5384	5610
A532C	ORF1a:V89V	1	182	0.005495	365	590
A4079C	Unknown	1	929	0.001076	3978	4079
A405G G510A	ORF1a:K47R ORF1a:G82D	1	108	0.009259	342	564
A4001G A4079C	ORF1a:T1246A Unknown	1	928	0.001078	3978	4079
A3986G A4085C	ORF1a:T1241A Unknown	1	179	0.005587	3983	4086
A396G	ORF1a:Q44R	1	120	0.008333	366	632
A3427G G3719A	ORF1a:P1054P ORF1a:G1152S	1	239	0.004184	3398	3743
A28579G G28881A G28882A G28883C	N:K102K N:R203K N:R203K N:G204R	1	710	0.001408	28530	28893
A28549C T28867G G28882A G28883C	N:R92S N:T198T N:R203R N:G204R	1	508	0.001969	28525	28898
A28518G	N:D82G	1	35	0.028571	28516	28617
A25134C C25416T	S:K1191T ORF3a:F8F	1	951	0.001052	25105	25418
A25125G C25416T	S:E1188G ORF3a:F8F	1	934	0.001071	25116	25452
A25125G C25357A C25416T	S:E1188G S:L1265L ORF3a:F8F	1	934	0.001071	25118	25418
A25060G G25157A	Unknown S:D1199N	1	323	0.003096	25059	25262
A25060G C25115T	Unknown S:R1185C	1	326	0.003067	25059	25160
A25060G A25143G	Unknown S:N1194S	1	324	0.003086	25059	25159
A24043+G	NA	1	409	0.002445	24040	24140
A23884G	S:Q774Q	1	141	0.007092	23881	23982
A21692G A21764-TACATG	S:R44G S:DEL69/70	1	8	0.125	21669	21838
A21188C	ORF1b:N2574T	1	198	0.005051	21006	21255
A21094C	ORF1b:K2543Q	1	161	0.006211	21045	21326
A21081G	ORF1b:K2538K	1	150	0.006667	21006	21108
A2069C	ORF1a:T602P	1	4	0.25	1988	2113
A18294C	ORF1b:A1609A	1	770	0.001299	17963	18317
A18163G T18309C	ORF1b:I1566V ORF1b:D1614D	1	380	0.002632	18116	18318
A18163G G18307A	ORF1b:I1566V ORF1b:D1614N	1	382	0.002618	18134	18318
A18163G G18286A	ORF1b:I1566V ORF1b:V1607I	1	765	0.001307	18154	18298
A17973G A18163G	ORF1b:R1502R ORF1b:I1566V	1	780	0.001282	17968	18242
A17971G A18163G	ORF1b:R1502G ORF1b:I1566V	1	779	0.001284	17950	18263
A17932G A18023C	ORF1b:T1489A ORF1b:N1519T	1	657	0.001522	17925	18125
A16878G G16935A	ORF1b:T1137T ORF1b:M1156I	1	15	0.066667	16847	16943
A10317G	ORF1a:K3351R	1	236	0.004237	10260	10387
A10280G	ORF1a:R3339G	1	257	0.003891	10090	10321
A10260+G	NA	1	257	0.003891	10257	10357
